,song,artist,date,explicit,uri_cancion,popularity,usuario,links,duracion,danceability,energy,key,loudness,mode,speechiness,acousticness,instrumentalness,liveness,valence,tempo,type,id,uri,track_href,analysis_url,duration_ms,time_signature
0,Mía,['Belén Aguilera'],2024-06-27T07:10:12Z,False,spotify:track:4iVvZOJiBmQXZHKTdLTh7C,47,e4ta60wdfnbghf4t2uk6m9xu8,https://open.spotify.com/track/4iVvZOJiBmQXZHKTdLTh7C,207173,0.383,0.447,5,-8.493,1,0.0707,0.808,4.42e-06,0.0733,0.224,159.581,audio_features,4iVvZOJiBmQXZHKTdLTh7C,spotify:track:4iVvZOJiBmQXZHKTdLTh7C,https://api.spotify.com/v1/tracks/4iVvZOJiBmQXZHKTdLTh7C,https://api.spotify.com/v1/audio-analysis/4iVvZOJiBmQXZHKTdLTh7C,207174,4
1,Palabra Prohibida,['Samuraï'],2024-06-27T07:10:15Z,False,spotify:track:4sRulaggpSTT3mLCZsaJ5v,57,e4ta60wdfnbghf4t2uk6m9xu8,https://open.spotify.com/track/4sRulaggpSTT3mLCZsaJ5v,176881,0.539,0.252,2,-8.276,0,0.0334,0.841,0.0,0.108,0.359,100.966,audio_features,4sRulaggpSTT3mLCZsaJ5v,spotify:track:4sRulaggpSTT3mLCZsaJ5v,https://api.spotify.com/v1/tracks/4sRulaggpSTT3mLCZsaJ5v,https://api.spotify.com/v1/audio-analysis/4sRulaggpSTT3mLCZsaJ5v,176881,4
2,El Principio de algo,"['La La Love You', 'Samuraï']",2024-06-27T07:10:22Z,False,spotify:track:6tZI1nTl6m40HG5Rs7QuHL,67,e4ta60wdfnbghf4t2uk6m9xu8,https://open.spotify.com/track/6tZI1nTl6m40HG5Rs7QuHL,147907,0.615,0.914,6,-3.793,1,0.0518,0.0155,0.0,0.4,0.734,141.106,audio_features,6tZI1nTl6m40HG5Rs7QuHL,spotify:track:6tZI1nTl6m40HG5Rs7QuHL,https://api.spotify.com/v1/tracks/6tZI1nTl6m40HG5Rs7QuHL,https://api.spotify.com/v1/audio-analysis/6tZI1nTl6m40HG5Rs7QuHL,147908,4
3,De Charco En Charco,"['Samuraï', 'Belén Aguilera']",2024-06-27T07:10:37Z,False,spotify:track:72nJMBop58qf4xbNwZD0qO,51,e4ta60wdfnbghf4t2uk6m9xu8,https://open.spotify.com/track/72nJMBop58qf4xbNwZD0qO,160589,0.763,0.803,5,-4.297,1,0.0374,0.351,0.0,0.27,0.685,125.036,audio_features,72nJMBop58qf4xbNwZD0qO,spotify:track:72nJMBop58qf4xbNwZD0qO,https://api.spotify.com/v1/tracks/72nJMBop58qf4xbNwZD0qO,https://api.spotify.com/v1/audio-analysis/72nJMBop58qf4xbNwZD0qO,160589,4
4,Sin Vergüenza,"['Arde Bogotá', 'Dani Fernández']",2024-06-27T07:10:56Z,False,spotify:track:0mJ2qmDI2X4wrSIIBrvvpN,63,e4ta60wdfnbghf4t2uk6m9xu8,https://open.spotify.com/track/0mJ2qmDI2X4wrSIIBrvvpN,216325,0.599,0.651,5,-4.619,0,0.0419,0.14,0.000134,0.119,0.628,122.039,audio_features,0mJ2qmDI2X4wrSIIBrvvpN,spotify:track:0mJ2qmDI2X4wrSIIBrvvpN,https://api.spotify.com/v1/tracks/0mJ2qmDI2X4wrSIIBrvvpN,https://api.spotify.com/v1/audio-analysis/0mJ2qmDI2X4wrSIIBrvvpN,216326,4
5,Qué Vida Tan Dura,['Arde Bogotá'],2024-06-27T07:11:01Z,False,spotify:track:7pyilq0260Oo6cATaqsI7F,62,e4ta60wdfnbghf4t2uk6m9xu8,https://open.spotify.com/track/7pyilq0260Oo6cATaqsI7F,203796,0.61,0.898,9,-3.736,1,0.0457,0.00304,0.0,0.293,0.536,74.983,audio_features,7pyilq0260Oo6cATaqsI7F,spotify:track:7pyilq0260Oo6cATaqsI7F,https://api.spotify.com/v1/tracks/7pyilq0260Oo6cATaqsI7F,https://api.spotify.com/v1/audio-analysis/7pyilq0260Oo6cATaqsI7F,203797,4
6,Olívia,['The Tyets'],2024-06-27T07:11:10Z,False,spotify:track:0gRIXIUFSqWqw5rXcmaf9o,56,e4ta60wdfnbghf4t2uk6m9xu8,https://open.spotify.com/track/0gRIXIUFSqWqw5rXcmaf9o,170735,0.712,0.62,4,-5.254,0,0.0432,0.0151,2.36e-06,0.0802,0.69,149.925,audio_features,0gRIXIUFSqWqw5rXcmaf9o,spotify:track:0gRIXIUFSqWqw5rXcmaf9o,https://api.spotify.com/v1/tracks/0gRIXIUFSqWqw5rXcmaf9o,https://api.spotify.com/v1/audio-analysis/0gRIXIUFSqWqw5rXcmaf9o,170735,4
7,Más Colao Que el Colacao,['La La Love You'],2024-06-27T07:13:16Z,False,spotify:track:6ZoOG5syYD7pQTkwdYQKeo,56,e4ta60wdfnbghf4t2uk6m9xu8,https://open.spotify.com/track/6ZoOG5syYD7pQTkwdYQKeo,161186,0.389,0.891,9,-3.312,1,0.0507,0.0135,0.0,0.0369,0.801,192.937,audio_features,6ZoOG5syYD7pQTkwdYQKeo,spotify:track:6ZoOG5syYD7pQTkwdYQKeo,https://api.spotify.com/v1/tracks/6ZoOG5syYD7pQTkwdYQKeo,https://api.spotify.com/v1/audio-analysis/6ZoOG5syYD7pQTkwdYQKeo,161187,4
8,ANESTESIA,['Tatiana Delalvz'],2024-06-27T07:26:18Z,False,spotify:track:1rVw8fs4P5f6UGjhHEBnpW,26,e4ta60wdfnbghf4t2uk6m9xu8,https://open.spotify.com/track/1rVw8fs4P5f6UGjhHEBnpW,160866,0.708,0.92,7,-3.947,0,0.0446,0.0312,2.04e-05,0.562,0.522,127.071,audio_features,1rVw8fs4P5f6UGjhHEBnpW,spotify:track:1rVw8fs4P5f6UGjhHEBnpW,https://api.spotify.com/v1/tracks/1rVw8fs4P5f6UGjhHEBnpW,https://api.spotify.com/v1/audio-analysis/1rVw8fs4P5f6UGjhHEBnpW,160866,4
9,La Vuelta al Mundo,['Vicco'],2024-06-27T07:26:55Z,False,spotify:track:0KnQMnM6CfsH5A2V7g5FtK,28,e4ta60wdfnbghf4t2uk6m9xu8,https://open.spotify.com/track/0KnQMnM6CfsH5A2V7g5FtK,177482,0.555,0.757,9,-7.272,1,0.0452,0.00477,0.000746,0.905,0.653,157.001,audio_features,0KnQMnM6CfsH5A2V7g5FtK,spotify:track:0KnQMnM6CfsH5A2V7g5FtK,https://api.spotify.com/v1/tracks/0KnQMnM6CfsH5A2V7g5FtK,https://api.spotify.com/v1/audio-analysis/0KnQMnM6CfsH5A2V7g5FtK,177483,4
10,Disimulao,['Alizzz'],2024-06-27T07:40:22Z,False,spotify:track:7sqEqSeZRKrQzdkukwxFEo,35,e4ta60wdfnbghf4t2uk6m9xu8,https://open.spotify.com/track/7sqEqSeZRKrQzdkukwxFEo,219480,0.83,0.501,11,-6.053,1,0.0521,0.444,0.0398,0.103,0.76,139.996,audio_features,7sqEqSeZRKrQzdkukwxFEo,spotify:track:7sqEqSeZRKrQzdkukwxFEo,https://api.spotify.com/v1/tracks/7sqEqSeZRKrQzdkukwxFEo,https://api.spotify.com/v1/audio-analysis/7sqEqSeZRKrQzdkukwxFEo,219481,4
11,"Si Me Necesitas, Llámame",['Siloé'],2024-06-27T16:26:30Z,True,spotify:track:4DEdfr4plBy97DH4YPg4At,52,e4ta60wdfnbghf4t2uk6m9xu8,https://open.spotify.com/track/4DEdfr4plBy97DH4YPg4At,242351,0.486,0.852,1,-4.835,1,0.0565,0.3,6.75e-06,0.581,0.346,147.826,audio_features,4DEdfr4plBy97DH4YPg4At,spotify:track:4DEdfr4plBy97DH4YPg4At,https://api.spotify.com/v1/tracks/4DEdfr4plBy97DH4YPg4At,https://api.spotify.com/v1/audio-analysis/4DEdfr4plBy97DH4YPg4At,242352,4
12,La Cancion Mas Hermosa Del Mundo,['Joaquín Sabina'],2024-06-28T06:05:15Z,False,spotify:track:4awx6oByarFB5OyiZaOnIz,30,quesoymarmota,https://open.spotify.com/track/4awx6oByarFB5OyiZaOnIz,293146,0.668,0.278,7,-11.919,1,0.223,0.504,1.14e-06,0.132,0.164,73.9,audio_features,4awx6oByarFB5OyiZaOnIz,spotify:track:4awx6oByarFB5OyiZaOnIz,https://api.spotify.com/v1/tracks/4awx6oByarFB5OyiZaOnIz,https://api.spotify.com/v1/audio-analysis/4awx6oByarFB5OyiZaOnIz,293147,4
13,Love Of My Life - Remastered 2011,['Queen'],2024-06-28T06:05:31Z,False,spotify:track:4YJUTdZ0Pgl0ZeNyHYXeLd,70,quesoymarmota,https://open.spotify.com/track/4YJUTdZ0Pgl0ZeNyHYXeLd,217386,0.328,0.179,5,-11.589,1,0.0299,0.933,5.54e-06,0.115,0.256,154.803,audio_features,4YJUTdZ0Pgl0ZeNyHYXeLd,spotify:track:4YJUTdZ0Pgl0ZeNyHYXeLd,https://api.spotify.com/v1/tracks/4YJUTdZ0Pgl0ZeNyHYXeLd,https://api.spotify.com/v1/audio-analysis/4YJUTdZ0Pgl0ZeNyHYXeLd,217387,4
14,Here Comes The Sun - Remastered 2009,['The Beatles'],2024-06-28T06:06:00Z,False,spotify:track:6dGnYIeXmHdcikdzNNDMm2,85,quesoymarmota,https://open.spotify.com/track/6dGnYIeXmHdcikdzNNDMm2,185733,0.557,0.54,9,-10.484,1,0.0347,0.0339,0.00248,0.179,0.394,129.177,audio_features,6dGnYIeXmHdcikdzNNDMm2,spotify:track:6dGnYIeXmHdcikdzNNDMm2,https://api.spotify.com/v1/tracks/6dGnYIeXmHdcikdzNNDMm2,https://api.spotify.com/v1/audio-analysis/6dGnYIeXmHdcikdzNNDMm2,185733,4
15,Starlight,['Muse'],2024-06-29T14:05:58Z,False,spotify:track:3skn2lauGk7Dx6bVIt5DVj,72,1118786026,https://open.spotify.com/track/3skn2lauGk7Dx6bVIt5DVj,240213,0.55,0.874,4,-4.046,1,0.0321,0.000436,1.02e-05,0.206,0.318,121.61,audio_features,3skn2lauGk7Dx6bVIt5DVj,spotify:track:3skn2lauGk7Dx6bVIt5DVj,https://api.spotify.com/v1/tracks/3skn2lauGk7Dx6bVIt5DVj,https://api.spotify.com/v1/audio-analysis/3skn2lauGk7Dx6bVIt5DVj,240213,4
16,Purple Rain,['Prince'],2024-06-29T14:06:29Z,False,spotify:track:7d4Ae9mG1mRNbrdHn27SwH,45,1118786026,https://open.spotify.com/track/7d4Ae9mG1mRNbrdHn27SwH,521866,0.373,0.452,10,-10.417,1,0.0321,0.0354,0.00227,0.689,0.179,113.212,audio_features,7d4Ae9mG1mRNbrdHn27SwH,spotify:track:7d4Ae9mG1mRNbrdHn27SwH,https://api.spotify.com/v1/tracks/7d4Ae9mG1mRNbrdHn27SwH,https://api.spotify.com/v1/audio-analysis/7d4Ae9mG1mRNbrdHn27SwH,520787,4
17,El Fin del Mundo,"['La La Love You', 'Axolotes Mexicanos']",2024-06-29T14:07:37Z,False,spotify:track:5SeYlZyKVENMOxiSPQkKyw,64,1118786026,https://open.spotify.com/track/5SeYlZyKVENMOxiSPQkKyw,188093,0.6,0.866,4,-4.599,1,0.0477,0.000839,0.0,0.094,0.676,127.056,audio_features,5SeYlZyKVENMOxiSPQkKyw,spotify:track:5SeYlZyKVENMOxiSPQkKyw,https://api.spotify.com/v1/tracks/5SeYlZyKVENMOxiSPQkKyw,https://api.spotify.com/v1/audio-analysis/5SeYlZyKVENMOxiSPQkKyw,188094,4
18,Eso Que Tú Me Das,['Jarabe De Palo'],2024-06-29T14:08:43Z,False,spotify:track:40tFJtuES1da2fg0OurUdI,61,1118786026,https://open.spotify.com/track/40tFJtuES1da2fg0OurUdI,214553,0.778,0.804,0,-5.699,1,0.0286,0.144,9.5e-05,0.0676,0.836,130.004,audio_features,40tFJtuES1da2fg0OurUdI,spotify:track:40tFJtuES1da2fg0OurUdI,https://api.spotify.com/v1/tracks/40tFJtuES1da2fg0OurUdI,https://api.spotify.com/v1/audio-analysis/40tFJtuES1da2fg0OurUdI,214554,4
19,Me quedo conmigo,"['Taburete', 'Marlon']",2024-06-29T14:12:00Z,False,spotify:track:180iROAm7RprlfyB8SH5S6,52,1118786026,https://open.spotify.com/track/180iROAm7RprlfyB8SH5S6,182532,0.71,0.614,6,-5.8,1,0.0371,0.0076,0.0,0.0719,0.549,154.06,audio_features,180iROAm7RprlfyB8SH5S6,spotify:track:180iROAm7RprlfyB8SH5S6,https://api.spotify.com/v1/tracks/180iROAm7RprlfyB8SH5S6,https://api.spotify.com/v1/audio-analysis/180iROAm7RprlfyB8SH5S6,182532,4
20,De Perreo,['Marlon'],2024-06-29T14:12:08Z,False,spotify:track:5Hc7UPdnAVEwjvVG2d8fmk,49,1118786026,https://open.spotify.com/track/5Hc7UPdnAVEwjvVG2d8fmk,173784,0.789,0.629,5,-5.307,1,0.0425,0.149,0.0,0.122,0.785,99.999,audio_features,5Hc7UPdnAVEwjvVG2d8fmk,spotify:track:5Hc7UPdnAVEwjvVG2d8fmk,https://api.spotify.com/v1/tracks/5Hc7UPdnAVEwjvVG2d8fmk,https://api.spotify.com/v1/audio-analysis/5Hc7UPdnAVEwjvVG2d8fmk,173784,4
21,After the Rain,['Nickelback'],2024-07-18T10:53:59Z,False,spotify:track:00zFaqzO0s1WrsNSm1adlh,51,31xiablrubqwh5zisnlt5utvh6uu,https://open.spotify.com/track/00zFaqzO0s1WrsNSm1adlh,214648,0.537,0.953,11,-4.689,1,0.0368,0.0673,0.0,0.134,0.728,141.984,audio_features,00zFaqzO0s1WrsNSm1adlh,spotify:track:00zFaqzO0s1WrsNSm1adlh,https://api.spotify.com/v1/tracks/00zFaqzO0s1WrsNSm1adlh,https://api.spotify.com/v1/audio-analysis/00zFaqzO0s1WrsNSm1adlh,214649,4
22,Beggin',['Måneskin'],2024-07-18T10:54:51Z,False,spotify:track:3Wrjm47oTz2sjIgck11l5e,84,31xiablrubqwh5zisnlt5utvh6uu,https://open.spotify.com/track/3Wrjm47oTz2sjIgck11l5e,211560,0.714,0.8,11,-4.808,0,0.0504,0.127,0.0,0.359,0.589,134.002,audio_features,3Wrjm47oTz2sjIgck11l5e,spotify:track:3Wrjm47oTz2sjIgck11l5e,https://api.spotify.com/v1/tracks/3Wrjm47oTz2sjIgck11l5e,https://api.spotify.com/v1/audio-analysis/3Wrjm47oTz2sjIgck11l5e,211560,4
23,Flowers,['Miley Cyrus'],2024-07-18T10:54:57Z,False,spotify:track:7DSAEUvxU8FajXtRloy8M0,90,31xiablrubqwh5zisnlt5utvh6uu,https://open.spotify.com/track/7DSAEUvxU8FajXtRloy8M0,200600,0.706,0.691,0,-4.775,1,0.0633,0.0584,6.99e-05,0.0232,0.632,118.048,audio_features,7DSAEUvxU8FajXtRloy8M0,spotify:track:7DSAEUvxU8FajXtRloy8M0,https://api.spotify.com/v1/tracks/7DSAEUvxU8FajXtRloy8M0,https://api.spotify.com/v1/audio-analysis/7DSAEUvxU8FajXtRloy8M0,200600,4
24,"Can You Feel the Love Tonight - From ""A Whole New Sound""","['Simple Plan', 'Disney']",2024-07-18T11:03:33Z,False,spotify:track:372ltCYz1uLID85yHqe7S9,59,31xiablrubqwh5zisnlt5utvh6uu,https://open.spotify.com/track/372ltCYz1uLID85yHqe7S9,173350,0.488,0.872,0,-4.301,1,0.0723,0.000182,2.42e-06,0.132,0.557,168.055,audio_features,372ltCYz1uLID85yHqe7S9,spotify:track:372ltCYz1uLID85yHqe7S9,https://api.spotify.com/v1/tracks/372ltCYz1uLID85yHqe7S9,https://api.spotify.com/v1/audio-analysis/372ltCYz1uLID85yHqe7S9,173350,4
25,Como Si Fueras a Morir Mañana,['Leiva'],2024-07-18T11:03:48Z,False,spotify:track:4aAfLSx9IthpC3Pw5pNk3E,61,quesoymarmota,https://open.spotify.com/track/4aAfLSx9IthpC3Pw5pNk3E,240984,0.46,0.816,3,-6.576,1,0.0427,0.00144,0.0,0.11,0.373,143.892,audio_features,4aAfLSx9IthpC3Pw5pNk3E,spotify:track:4aAfLSx9IthpC3Pw5pNk3E,https://api.spotify.com/v1/tracks/4aAfLSx9IthpC3Pw5pNk3E,https://api.spotify.com/v1/audio-analysis/4aAfLSx9IthpC3Pw5pNk3E,240984,4
26,"No Soy Yo, Eres Tú",['Conchita'],2024-07-18T11:04:41Z,True,spotify:track:4kbQiM51u2drG9Itboa87r,39,quesoymarmota,https://open.spotify.com/track/4kbQiM51u2drG9Itboa87r,239829,0.752,0.759,4,-3.697,1,0.0377,0.381,1.02e-06,0.109,0.571,131.968,audio_features,4kbQiM51u2drG9Itboa87r,spotify:track:4kbQiM51u2drG9Itboa87r,https://api.spotify.com/v1/tracks/4kbQiM51u2drG9Itboa87r,https://api.spotify.com/v1/audio-analysis/4kbQiM51u2drG9Itboa87r,239829,4
27,Quién Diría,['DePol'],2024-07-18T11:05:25Z,False,spotify:track:0Fd3900xH77g0ARXQjtYvV,65,quesoymarmota,https://open.spotify.com/track/0Fd3900xH77g0ARXQjtYvV,183898,0.586,0.874,7,-2.801,0,0.0345,0.0177,3.77e-06,0.086,0.796,150.063,audio_features,0Fd3900xH77g0ARXQjtYvV,spotify:track:0Fd3900xH77g0ARXQjtYvV,https://api.spotify.com/v1/tracks/0Fd3900xH77g0ARXQjtYvV,https://api.spotify.com/v1/audio-analysis/0Fd3900xH77g0ARXQjtYvV,183898,4
28,La vida moderna (feat. Love of Lesbian),"['Veintiuno', 'Love of Lesbian']",2024-07-18T11:08:10Z,False,spotify:track:0ThmUxropRzljqKcVym0ca,56,quesoymarmota,https://open.spotify.com/track/0ThmUxropRzljqKcVym0ca,193746,0.575,0.893,9,-4.136,1,0.0761,0.134,0.0,0.136,0.804,173.881,audio_features,0ThmUxropRzljqKcVym0ca,spotify:track:0ThmUxropRzljqKcVym0ca,https://api.spotify.com/v1/tracks/0ThmUxropRzljqKcVym0ca,https://api.spotify.com/v1/audio-analysis/0ThmUxropRzljqKcVym0ca,193746,4
29,Que nada nos pare (lo más importante),"['ELYELLA', 'La La Love You']",2024-07-18T11:08:16Z,True,spotify:track:1FG7ZjnuT0O9CsDKOxND0E,62,quesoymarmota,https://open.spotify.com/track/1FG7ZjnuT0O9CsDKOxND0E,185331,0.659,0.759,11,-4.94,1,0.0395,0.00101,0.271,0.109,0.803,128.009,audio_features,1FG7ZjnuT0O9CsDKOxND0E,spotify:track:1FG7ZjnuT0O9CsDKOxND0E,https://api.spotify.com/v1/tracks/1FG7ZjnuT0O9CsDKOxND0E,https://api.spotify.com/v1/audio-analysis/1FG7ZjnuT0O9CsDKOxND0E,185332,4
30,Como el Sol,"['Tatiana Delalvz', 'NIA']",2024-07-18T11:08:29Z,False,spotify:track:6ksoOhSHFDrSkw7gVcvU34,38,e4ta60wdfnbghf4t2uk6m9xu8,https://open.spotify.com/track/6ksoOhSHFDrSkw7gVcvU34,140346,0.723,0.849,10,-3.759,0,0.0807,0.129,0.0,0.0687,0.331,99.934,audio_features,6ksoOhSHFDrSkw7gVcvU34,spotify:track:6ksoOhSHFDrSkw7gVcvU34,https://api.spotify.com/v1/tracks/6ksoOhSHFDrSkw7gVcvU34,https://api.spotify.com/v1/audio-analysis/6ksoOhSHFDrSkw7gVcvU34,140347,4
31,Yo pensaba que me había tocado Dios,"['Barry B', 'Carolina Durante']",2024-07-18T11:08:42Z,False,spotify:track:0vF9TaEJHO0Zm1ejF7AGC0,55,e4ta60wdfnbghf4t2uk6m9xu8,https://open.spotify.com/track/0vF9TaEJHO0Zm1ejF7AGC0,206099,0.498,0.72,0,-7.812,1,0.047,0.0958,2.54e-05,0.243,0.406,164.916,audio_features,0vF9TaEJHO0Zm1ejF7AGC0,spotify:track:0vF9TaEJHO0Zm1ejF7AGC0,https://api.spotify.com/v1/tracks/0vF9TaEJHO0Zm1ejF7AGC0,https://api.spotify.com/v1/audio-analysis/0vF9TaEJHO0Zm1ejF7AGC0,206100,4
32,PLASTILINA,['Farga'],2024-07-18T11:10:06Z,False,spotify:track:1Qo2UEgzEUCBco0PKzkGv3,28,e4ta60wdfnbghf4t2uk6m9xu8,https://open.spotify.com/track/1Qo2UEgzEUCBco0PKzkGv3,190545,0.595,0.908,11,-6.59,1,0.0599,0.122,1.22e-05,0.213,0.558,165.013,audio_features,1Qo2UEgzEUCBco0PKzkGv3,spotify:track:1Qo2UEgzEUCBco0PKzkGv3,https://api.spotify.com/v1/tracks/1Qo2UEgzEUCBco0PKzkGv3,https://api.spotify.com/v1/audio-analysis/1Qo2UEgzEUCBco0PKzkGv3,190545,4
33,PELO RIZAO,['Funzo & Baby Loud'],2024-07-18T11:10:24Z,False,spotify:track:47csYgBczYT8ZmX7nkOsWo,39,e4ta60wdfnbghf4t2uk6m9xu8,https://open.spotify.com/track/47csYgBczYT8ZmX7nkOsWo,194136,0.672,0.762,0,-7.007,1,0.028,0.0934,0.0,0.215,0.776,114.973,audio_features,47csYgBczYT8ZmX7nkOsWo,spotify:track:47csYgBczYT8ZmX7nkOsWo,https://api.spotify.com/v1/tracks/47csYgBczYT8ZmX7nkOsWo,https://api.spotify.com/v1/audio-analysis/47csYgBczYT8ZmX7nkOsWo,194136,4
34,Súbete la Radio,['Delaporte'],2024-07-18T11:10:42Z,False,spotify:track:3HkBjISRt7rX9LkMpIcl9u,35,e4ta60wdfnbghf4t2uk6m9xu8,https://open.spotify.com/track/3HkBjISRt7rX9LkMpIcl9u,144000,0.618,0.907,10,-8.203,0,0.135,0.00638,0.0585,0.289,0.564,139.992,audio_features,3HkBjISRt7rX9LkMpIcl9u,spotify:track:3HkBjISRt7rX9LkMpIcl9u,https://api.spotify.com/v1/tracks/3HkBjISRt7rX9LkMpIcl9u,https://api.spotify.com/v1/audio-analysis/3HkBjISRt7rX9LkMpIcl9u,144000,4
35,Te seguiré besando,['Farga'],2024-07-18T11:10:53Z,False,spotify:track:5tCsCOEZtM7G6IOV9h7bdP,41,e4ta60wdfnbghf4t2uk6m9xu8,https://open.spotify.com/track/5tCsCOEZtM7G6IOV9h7bdP,167465,0.726,0.83,6,-3.93,0,0.0509,0.25,0.0,0.0699,0.713,145.949,audio_features,5tCsCOEZtM7G6IOV9h7bdP,spotify:track:5tCsCOEZtM7G6IOV9h7bdP,https://api.spotify.com/v1/tracks/5tCsCOEZtM7G6IOV9h7bdP,https://api.spotify.com/v1/audio-analysis/5tCsCOEZtM7G6IOV9h7bdP,167466,4
36,Princesas,['Pereza'],2024-07-18T11:11:46Z,False,spotify:track:3hlWUNjAlbZ6nOjAbrivBv,66,quesoymarmota,https://open.spotify.com/track/3hlWUNjAlbZ6nOjAbrivBv,217000,0.683,0.846,7,-3.551,1,0.0422,0.0634,0.0,0.346,0.706,131.884,audio_features,3hlWUNjAlbZ6nOjAbrivBv,spotify:track:3hlWUNjAlbZ6nOjAbrivBv,https://api.spotify.com/v1/tracks/3hlWUNjAlbZ6nOjAbrivBv,https://api.spotify.com/v1/audio-analysis/3hlWUNjAlbZ6nOjAbrivBv,217000,4
37,Bailemos,['Dani Fernández'],2024-07-18T11:12:10Z,False,spotify:track:5EnaxC9amhXY55ezw87SL8,60,quesoymarmota,https://open.spotify.com/track/5EnaxC9amhXY55ezw87SL8,210468,0.649,0.555,1,-4.655,1,0.0292,0.0616,3.45e-06,0.0874,0.607,128.009,audio_features,5EnaxC9amhXY55ezw87SL8,spotify:track:5EnaxC9amhXY55ezw87SL8,https://api.spotify.com/v1/tracks/5EnaxC9amhXY55ezw87SL8,https://api.spotify.com/v1/audio-analysis/5EnaxC9amhXY55ezw87SL8,210469,4
38,Que Bonita la Vida,['Dani Martín'],2024-07-18T11:12:31Z,False,spotify:track:2WWLoX6L5TJ2xvm2DRcK6B,52,quesoymarmota,https://open.spotify.com/track/2WWLoX6L5TJ2xvm2DRcK6B,270653,0.506,0.535,7,-5.676,1,0.0314,0.301,5.08e-06,0.1,0.286,134.075,audio_features,2WWLoX6L5TJ2xvm2DRcK6B,spotify:track:2WWLoX6L5TJ2xvm2DRcK6B,https://api.spotify.com/v1/tracks/2WWLoX6L5TJ2xvm2DRcK6B,https://api.spotify.com/v1/audio-analysis/2WWLoX6L5TJ2xvm2DRcK6B,270653,4
39,Color Esperanza,['Diego Torres'],2024-07-18T11:12:57Z,False,spotify:track:3T07pNAEVr9adeIG9i1ex4,66,quesoymarmota,https://open.spotify.com/track/3T07pNAEVr9adeIG9i1ex4,267106,0.619,0.876,7,-6.253,1,0.0538,0.342,0.0,0.0828,0.772,100.962,audio_features,3T07pNAEVr9adeIG9i1ex4,spotify:track:3T07pNAEVr9adeIG9i1ex4,https://api.spotify.com/v1/tracks/3T07pNAEVr9adeIG9i1ex4,https://api.spotify.com/v1/audio-analysis/3T07pNAEVr9adeIG9i1ex4,267107,4
40,Bye Bye Bye,['No Resolve'],2024-07-18T11:13:38Z,False,spotify:track:2RdPXHHybIcO8VdIy38WMo,42,31xiablrubqwh5zisnlt5utvh6uu,https://open.spotify.com/track/2RdPXHHybIcO8VdIy38WMo,203217,0.375,0.961,9,-2.713,0,0.117,0.000398,0.0,0.0436,0.477,172.444,audio_features,2RdPXHHybIcO8VdIy38WMo,spotify:track:2RdPXHHybIcO8VdIy38WMo,https://api.spotify.com/v1/tracks/2RdPXHHybIcO8VdIy38WMo,https://api.spotify.com/v1/audio-analysis/2RdPXHHybIcO8VdIy38WMo,203217,4
41,Antes Que Ver El Sol,"['Coti', 'Dani Martín']",2024-07-18T11:13:51Z,False,spotify:track:2xqNBP7kAqeZi96QISEGx4,55,quesoymarmota,https://open.spotify.com/track/2xqNBP7kAqeZi96QISEGx4,221626,0.675,0.679,9,-7.696,1,0.0309,0.0814,0.0,0.159,0.903,134.037,audio_features,2xqNBP7kAqeZi96QISEGx4,spotify:track:2xqNBP7kAqeZi96QISEGx4,https://api.spotify.com/v1/tracks/2xqNBP7kAqeZi96QISEGx4,https://api.spotify.com/v1/audio-analysis/2xqNBP7kAqeZi96QISEGx4,221627,4
42,Potra Salvaje - Hard Remix,"['Isabel Aaiún', 'Fernando Moreno']",2024-07-18T11:14:45Z,False,spotify:track:4gdpQ6zuDsePnD1YIDJCRw,79,e4ta60wdfnbghf4t2uk6m9xu8,https://open.spotify.com/track/4gdpQ6zuDsePnD1YIDJCRw,342000,0.721,0.85,6,-4.186,1,0.31,0.118,3.63e-05,0.672,0.526,75.026,audio_features,4gdpQ6zuDsePnD1YIDJCRw,spotify:track:4gdpQ6zuDsePnD1YIDJCRw,https://api.spotify.com/v1/tracks/4gdpQ6zuDsePnD1YIDJCRw,https://api.spotify.com/v1/audio-analysis/4gdpQ6zuDsePnD1YIDJCRw,342000,4
43,Rosas,['La Oreja de Van Gogh'],2024-07-18T11:14:54Z,False,spotify:track:4waqcUQWdj0yH26STWl2Rq,80,quesoymarmota,https://open.spotify.com/track/4waqcUQWdj0yH26STWl2Rq,236506,0.783,0.685,9,-5.008,1,0.0271,0.627,3.49e-06,0.108,0.54,107.01,audio_features,4waqcUQWdj0yH26STWl2Rq,spotify:track:4waqcUQWdj0yH26STWl2Rq,https://api.spotify.com/v1/tracks/4waqcUQWdj0yH26STWl2Rq,https://api.spotify.com/v1/audio-analysis/4waqcUQWdj0yH26STWl2Rq,236333,4
44,Caminando por la Vida,"['Melendi', 'David Bisbal']",2024-07-18T11:15:14Z,False,spotify:track:5oCeOZ2D2QXZwy5RmWDaUR,53,quesoymarmota,https://open.spotify.com/track/5oCeOZ2D2QXZwy5RmWDaUR,207084,0.76,0.917,1,-5.511,1,0.112,0.313,0.0,0.112,0.881,108.023,audio_features,5oCeOZ2D2QXZwy5RmWDaUR,spotify:track:5oCeOZ2D2QXZwy5RmWDaUR,https://api.spotify.com/v1/tracks/5oCeOZ2D2QXZwy5RmWDaUR,https://api.spotify.com/v1/audio-analysis/5oCeOZ2D2QXZwy5RmWDaUR,207084,4
45,Tú Me Dejaste De Querer,"['C. Tangana', 'Niño de Elche', 'La Húngara']",2024-07-18T11:15:55Z,False,spotify:track:5ddFjrPG8NgQQ6xlOQIVd2,70,quesoymarmota,https://open.spotify.com/track/5ddFjrPG8NgQQ6xlOQIVd2,198493,0.823,0.723,4,-4.778,0,0.229,0.311,0.00315,0.0998,0.505,83.97,audio_features,5ddFjrPG8NgQQ6xlOQIVd2,spotify:track:5ddFjrPG8NgQQ6xlOQIVd2,https://api.spotify.com/v1/tracks/5ddFjrPG8NgQQ6xlOQIVd2,https://api.spotify.com/v1/audio-analysis/5ddFjrPG8NgQQ6xlOQIVd2,198493,4
46,MALAMENTE - Cap.1: Augurio,['ROSALÍA'],2024-07-18T11:16:14Z,False,spotify:track:1B0BQaSRHxhI0AUlItY3LK,65,quesoymarmota,https://open.spotify.com/track/1B0BQaSRHxhI0AUlItY3LK,150027,0.893,0.482,0,-4.779,0,0.0873,0.549,0.0164,0.0752,0.53,97.975,audio_features,1B0BQaSRHxhI0AUlItY3LK,spotify:track:1B0BQaSRHxhI0AUlItY3LK,https://api.spotify.com/v1/tracks/1B0BQaSRHxhI0AUlItY3LK,https://api.spotify.com/v1/audio-analysis/1B0BQaSRHxhI0AUlItY3LK,150027,4
47,RATATATA,"['BABYMETAL', 'Electric Callboy']",2024-07-18T11:16:47Z,True,spotify:track:14WYmNQWvR2TTWoRp8t9Ml,76,31xiablrubqwh5zisnlt5utvh6uu,https://open.spotify.com/track/14WYmNQWvR2TTWoRp8t9Ml,216428,0.559,0.889,5,-6.284,0,0.0669,0.000269,0.00118,0.083,0.666,140.047,audio_features,14WYmNQWvR2TTWoRp8t9Ml,spotify:track:14WYmNQWvR2TTWoRp8t9Ml,https://api.spotify.com/v1/tracks/14WYmNQWvR2TTWoRp8t9Ml,https://api.spotify.com/v1/audio-analysis/14WYmNQWvR2TTWoRp8t9Ml,216429,4
48,Dance The Night - From Barbie The Album,['Dua Lipa'],2024-07-18T11:17:39Z,False,spotify:track:1vYXt7VSjH9JIM5oRRo7vA,84,divera,https://open.spotify.com/track/1vYXt7VSjH9JIM5oRRo7vA,176579,0.671,0.845,11,-4.93,0,0.048,0.0207,0.0,0.329,0.775,110.056,audio_features,1vYXt7VSjH9JIM5oRRo7vA,spotify:track:1vYXt7VSjH9JIM5oRRo7vA,https://api.spotify.com/v1/tracks/1vYXt7VSjH9JIM5oRRo7vA,https://api.spotify.com/v1/audio-analysis/1vYXt7VSjH9JIM5oRRo7vA,176579,4
49,El Secreto de las Tortugas - Version 2010,['Maldita Nerea'],2024-07-18T11:17:54Z,False,spotify:track:5AYNOmMBFz451CcOo7NTcF,51,1118786026,https://open.spotify.com/track/5AYNOmMBFz451CcOo7NTcF,238440,0.547,0.884,1,-5.483,1,0.0457,0.106,9.56e-06,0.0715,0.886,169.954,audio_features,5AYNOmMBFz451CcOo7NTcF,spotify:track:5AYNOmMBFz451CcOo7NTcF,https://api.spotify.com/v1/tracks/5AYNOmMBFz451CcOo7NTcF,https://api.spotify.com/v1/audio-analysis/5AYNOmMBFz451CcOo7NTcF,238440,4
50,Throne,['Bring Me The Horizon'],2024-07-18T11:17:55Z,False,spotify:track:0M3adYbGtyRHACP86dey1H,77,31xiablrubqwh5zisnlt5utvh6uu,https://open.spotify.com/track/0M3adYbGtyRHACP86dey1H,191520,0.426,0.888,0,-3.72,0,0.0987,0.000455,0.0,0.306,0.387,144.111,audio_features,0M3adYbGtyRHACP86dey1H,spotify:track:0M3adYbGtyRHACP86dey1H,https://api.spotify.com/v1/tracks/0M3adYbGtyRHACP86dey1H,https://api.spotify.com/v1/audio-analysis/0M3adYbGtyRHACP86dey1H,191520,4
51,Dog Days Are Over,['Florence + The Machine'],2024-07-18T11:18:28Z,False,spotify:track:456WNXWhDwYOSf5SpTuqxd,80,divera,https://open.spotify.com/track/456WNXWhDwYOSf5SpTuqxd,252818,0.501,0.809,7,-5.264,1,0.0938,0.0338,0.00602,0.119,0.258,149.964,audio_features,456WNXWhDwYOSf5SpTuqxd,spotify:track:456WNXWhDwYOSf5SpTuqxd,https://api.spotify.com/v1/tracks/456WNXWhDwYOSf5SpTuqxd,https://api.spotify.com/v1/audio-analysis/456WNXWhDwYOSf5SpTuqxd,252819,4
52,Let Me Out,['Dover'],2024-07-18T11:19:01Z,False,spotify:track:22D8T98R2LL6PEC0LGrmYt,48,1118786026,https://open.spotify.com/track/22D8T98R2LL6PEC0LGrmYt,263093,0.646,0.855,10,-4.001,1,0.0302,0.000516,0.181,0.168,0.406,130.001,audio_features,22D8T98R2LL6PEC0LGrmYt,spotify:track:22D8T98R2LL6PEC0LGrmYt,https://api.spotify.com/v1/tracks/22D8T98R2LL6PEC0LGrmYt,https://api.spotify.com/v1/audio-analysis/22D8T98R2LL6PEC0LGrmYt,263093,4
53,Zombie,['The Cranberries'],2024-07-18T11:19:22Z,False,spotify:track:7EZC6E7UjZe63f1jRmkWxt,83,31xiablrubqwh5zisnlt5utvh6uu,https://open.spotify.com/track/7EZC6E7UjZe63f1jRmkWxt,306440,0.309,0.649,7,-8.994,1,0.035,0.0158,0.00591,0.367,0.312,166.915,audio_features,7EZC6E7UjZe63f1jRmkWxt,spotify:track:7EZC6E7UjZe63f1jRmkWxt,https://api.spotify.com/v1/tracks/7EZC6E7UjZe63f1jRmkWxt,https://api.spotify.com/v1/audio-analysis/7EZC6E7UjZe63f1jRmkWxt,306440,4
54,カリソメ乙女 - DEATH JAZZ ver.,"['Sheena Ringo', 'SOIL & “PIMP” SESSIONS']",2024-07-18T11:19:26Z,False,spotify:track:2M6Do3ldCBgbChvpxXhHfx,39,zevalle-es,https://open.spotify.com/track/2M6Do3ldCBgbChvpxXhHfx,149266,0.428,0.694,9,-4.982,1,0.0731,0.0519,1.84e-06,0.295,0.574,93.866,audio_features,2M6Do3ldCBgbChvpxXhHfx,spotify:track:2M6Do3ldCBgbChvpxXhHfx,https://api.spotify.com/v1/tracks/2M6Do3ldCBgbChvpxXhHfx,https://api.spotify.com/v1/audio-analysis/2M6Do3ldCBgbChvpxXhHfx,149267,4
55,Bad At Love,['Halsey'],2024-07-18T11:19:44Z,False,spotify:track:3OzCF9i6Ey7EkkAYJztmKp,71,divera,https://open.spotify.com/track/3OzCF9i6Ey7EkkAYJztmKp,181279,0.675,0.751,0,-3.539,1,0.0296,0.0604,0.0,0.0893,0.612,118.384,audio_features,3OzCF9i6Ey7EkkAYJztmKp,spotify:track:3OzCF9i6Ey7EkkAYJztmKp,https://api.spotify.com/v1/tracks/3OzCF9i6Ey7EkkAYJztmKp,https://api.spotify.com/v1/audio-analysis/3OzCF9i6Ey7EkkAYJztmKp,181279,4
56,Eastside (with Halsey & Khalid),"['benny blanco', 'Halsey', 'Khalid']",2024-07-18T11:19:48Z,False,spotify:track:7FGq80cy8juXBCD2nrqdWU,77,divera,https://open.spotify.com/track/7FGq80cy8juXBCD2nrqdWU,170769,0.632,0.686,6,-7.665,0,0.243,0.549,0.0,0.2,0.329,89.949,audio_features,7FGq80cy8juXBCD2nrqdWU,spotify:track:7FGq80cy8juXBCD2nrqdWU,https://api.spotify.com/v1/tracks/7FGq80cy8juXBCD2nrqdWU,https://api.spotify.com/v1/audio-analysis/7FGq80cy8juXBCD2nrqdWU,170770,4
57,Strangers,"['Halsey', 'Lauren Jauregui']",2024-07-18T11:20:09Z,False,spotify:track:6uW5fyyosEMBKfg2W1ye1l,56,e4ta60wdfnbghf4t2uk6m9xu8,https://open.spotify.com/track/6uW5fyyosEMBKfg2W1ye1l,221205,0.69,0.784,11,-4.724,1,0.056,0.01,4.08e-05,0.22,0.284,109.969,audio_features,6uW5fyyosEMBKfg2W1ye1l,spotify:track:6uW5fyyosEMBKfg2W1ye1l,https://api.spotify.com/v1/tracks/6uW5fyyosEMBKfg2W1ye1l,https://api.spotify.com/v1/audio-analysis/6uW5fyyosEMBKfg2W1ye1l,221206,4
58,Piña,"['Snow Tha Product', 'Lauren Jauregui']",2024-07-18T11:20:15Z,True,spotify:track:27WpmDE56W905AhSoaNIkx,37,e4ta60wdfnbghf4t2uk6m9xu8,https://open.spotify.com/track/27WpmDE56W905AhSoaNIkx,144691,0.864,0.65,7,-7.775,0,0.135,0.144,0.0272,0.11,0.596,96.042,audio_features,27WpmDE56W905AhSoaNIkx,spotify:track:27WpmDE56W905AhSoaNIkx,https://api.spotify.com/v1/tracks/27WpmDE56W905AhSoaNIkx,https://api.spotify.com/v1/audio-analysis/27WpmDE56W905AhSoaNIkx,144691,4
59,I Really Want to Stay at Your House,"['Rosa Walton', 'Hallie Coggins']",2024-07-18T11:20:23Z,False,spotify:track:7mykoq6R3BArsSpNDjFQTm,73,divera,https://open.spotify.com/track/7mykoq6R3BArsSpNDjFQTm,246652,0.49,0.738,3,-7.399,0,0.0367,0.00237,4.58e-06,0.0851,0.126,124.966,audio_features,7mykoq6R3BArsSpNDjFQTm,spotify:track:7mykoq6R3BArsSpNDjFQTm,https://api.spotify.com/v1/tracks/7mykoq6R3BArsSpNDjFQTm,https://api.spotify.com/v1/audio-analysis/7mykoq6R3BArsSpNDjFQTm,246653,4
60,Everlong,['Foo Fighters'],2024-07-18T11:20:58Z,False,spotify:track:5UWwZ5lm5PKu6eKsHAGxOk,84,divera,https://open.spotify.com/track/5UWwZ5lm5PKu6eKsHAGxOk,250546,0.413,0.881,11,-5.541,0,0.0367,5.99e-05,0.000308,0.0805,0.364,158.066,audio_features,5UWwZ5lm5PKu6eKsHAGxOk,spotify:track:5UWwZ5lm5PKu6eKsHAGxOk,https://api.spotify.com/v1/tracks/5UWwZ5lm5PKu6eKsHAGxOk,https://api.spotify.com/v1/audio-analysis/5UWwZ5lm5PKu6eKsHAGxOk,250547,4
61,All The Small Things,['blink-182'],2024-07-18T11:23:48Z,False,spotify:track:2m1hi0nfMR9vdGC8UcrnwU,84,1118786026,https://open.spotify.com/track/2m1hi0nfMR9vdGC8UcrnwU,167066,0.434,0.897,0,-4.918,1,0.0488,0.0103,0.0,0.612,0.685,148.708,audio_features,2m1hi0nfMR9vdGC8UcrnwU,spotify:track:2m1hi0nfMR9vdGC8UcrnwU,https://api.spotify.com/v1/tracks/2m1hi0nfMR9vdGC8UcrnwU,https://api.spotify.com/v1/audio-analysis/2m1hi0nfMR9vdGC8UcrnwU,167067,4
62,Mr. Brightside,['The Killers'],2024-07-18T11:24:02Z,False,spotify:track:003vvx7Niy0yvhvHt4a68B,87,1118786026,https://open.spotify.com/track/003vvx7Niy0yvhvHt4a68B,222973,0.352,0.911,1,-5.23,1,0.0747,0.00121,0.0,0.0995,0.236,148.033,audio_features,003vvx7Niy0yvhvHt4a68B,spotify:track:003vvx7Niy0yvhvHt4a68B,https://api.spotify.com/v1/tracks/003vvx7Niy0yvhvHt4a68B,https://api.spotify.com/v1/audio-analysis/003vvx7Niy0yvhvHt4a68B,222973,4
63,Best of You,['Foo Fighters'],2024-07-18T11:24:18Z,False,spotify:track:5FZxsHWIvUsmSK1IAvm2pp,75,1118786026,https://open.spotify.com/track/5FZxsHWIvUsmSK1IAvm2pp,255626,0.366,0.94,1,-5.119,0,0.0696,0.000769,9.42e-05,0.188,0.369,130.198,audio_features,5FZxsHWIvUsmSK1IAvm2pp,spotify:track:5FZxsHWIvUsmSK1IAvm2pp,https://api.spotify.com/v1/tracks/5FZxsHWIvUsmSK1IAvm2pp,https://api.spotify.com/v1/audio-analysis/5FZxsHWIvUsmSK1IAvm2pp,255627,4
64,Two Princes,['Spin Doctors'],2024-07-18T11:24:31Z,False,spotify:track:0cuq829zRNq4AEdmDJA4aw,73,1118786026,https://open.spotify.com/track/0cuq829zRNq4AEdmDJA4aw,256946,0.544,0.905,7,-10.732,1,0.0646,0.00165,1.97e-06,0.0532,0.825,103.594,audio_features,0cuq829zRNq4AEdmDJA4aw,spotify:track:0cuq829zRNq4AEdmDJA4aw,https://api.spotify.com/v1/tracks/0cuq829zRNq4AEdmDJA4aw,https://api.spotify.com/v1/audio-analysis/0cuq829zRNq4AEdmDJA4aw,256947,4
65,What Could Have Been (from the series Arcane League of Legends),"['Sting', 'Ray Chen']",2024-07-18T11:24:59Z,False,spotify:track:6YB9jhzVEzw8CKeXD7Vx8j,32,divera,https://open.spotify.com/track/6YB9jhzVEzw8CKeXD7Vx8j,213474,0.44,0.288,5,-8.897,0,0.0386,0.576,0.00128,0.0802,0.176,110.18,audio_features,6YB9jhzVEzw8CKeXD7Vx8j,spotify:track:6YB9jhzVEzw8CKeXD7Vx8j,https://api.spotify.com/v1/tracks/6YB9jhzVEzw8CKeXD7Vx8j,https://api.spotify.com/v1/audio-analysis/6YB9jhzVEzw8CKeXD7Vx8j,213474,3
66,All Star,['Smash Mouth'],2024-07-18T11:25:24Z,False,spotify:track:3cfOd4CMv2snFaKAnMdnvK,80,1118786026,https://open.spotify.com/track/3cfOd4CMv2snFaKAnMdnvK,200373,0.731,0.867,11,-5.881,1,0.032,0.0394,0.0,0.0861,0.776,104.02,audio_features,3cfOd4CMv2snFaKAnMdnvK,spotify:track:3cfOd4CMv2snFaKAnMdnvK,https://api.spotify.com/v1/tracks/3cfOd4CMv2snFaKAnMdnvK,https://api.spotify.com/v1/audio-analysis/3cfOd4CMv2snFaKAnMdnvK,200373,4
67,Livin' On A Prayer,['Bon Jovi'],2024-07-18T11:25:57Z,False,spotify:track:37ZJ0p5Jm13JPevGcx4SkF,85,1118786026,https://open.spotify.com/track/37ZJ0p5Jm13JPevGcx4SkF,249293,0.532,0.887,0,-3.757,1,0.0335,0.0778,0.000206,0.294,0.794,122.509,audio_features,37ZJ0p5Jm13JPevGcx4SkF,spotify:track:37ZJ0p5Jm13JPevGcx4SkF,https://api.spotify.com/v1/tracks/37ZJ0p5Jm13JPevGcx4SkF,https://api.spotify.com/v1/audio-analysis/37ZJ0p5Jm13JPevGcx4SkF,249293,4
68,Viva La Vida,['Coldplay'],2024-07-18T11:26:41Z,False,spotify:track:1mea3bSkSGXuIRvnydlB5b,88,31xiablrubqwh5zisnlt5utvh6uu,https://open.spotify.com/track/1mea3bSkSGXuIRvnydlB5b,242373,0.486,0.617,5,-7.115,0,0.0287,0.0954,3.23e-06,0.109,0.417,138.015,audio_features,1mea3bSkSGXuIRvnydlB5b,spotify:track:1mea3bSkSGXuIRvnydlB5b,https://api.spotify.com/v1/tracks/1mea3bSkSGXuIRvnydlB5b,https://api.spotify.com/v1/audio-analysis/1mea3bSkSGXuIRvnydlB5b,242373,4
69,That's My Girl,['Fifth Harmony'],2024-07-18T11:27:46Z,False,spotify:track:2ACOWPLUe4A4KuQ5ioD2od,71,e4ta60wdfnbghf4t2uk6m9xu8,https://open.spotify.com/track/2ACOWPLUe4A4KuQ5ioD2od,204013,0.596,0.851,5,-4.245,0,0.121,0.0358,3.19e-05,0.365,0.612,202.049,audio_features,2ACOWPLUe4A4KuQ5ioD2od,spotify:track:2ACOWPLUe4A4KuQ5ioD2od,https://api.spotify.com/v1/tracks/2ACOWPLUe4A4KuQ5ioD2od,https://api.spotify.com/v1/audio-analysis/2ACOWPLUe4A4KuQ5ioD2od,204013,4
70,Superman,['Goldfinger'],2024-07-18T11:27:53Z,False,spotify:track:6cL7NCFSvqWrBH5r4mkvVV,52,1118786026,https://open.spotify.com/track/6cL7NCFSvqWrBH5r4mkvVV,185600,0.436,0.935,2,-3.946,1,0.0538,0.000129,0.000141,0.0821,0.901,194.902,audio_features,6cL7NCFSvqWrBH5r4mkvVV,spotify:track:6cL7NCFSvqWrBH5r4mkvVV,https://api.spotify.com/v1/tracks/6cL7NCFSvqWrBH5r4mkvVV,https://api.spotify.com/v1/audio-analysis/6cL7NCFSvqWrBH5r4mkvVV,185600,4
71,99 Red Balloons,['Goldfinger'],2024-07-18T11:28:14Z,False,spotify:track:0rOTMSSa6yscfOrGnzfheM,60,1118786026,https://open.spotify.com/track/0rOTMSSa6yscfOrGnzfheM,229173,0.285,0.843,4,-7.318,1,0.129,0.00103,0.00037,0.327,0.282,97.051,audio_features,0rOTMSSa6yscfOrGnzfheM,spotify:track:0rOTMSSa6yscfOrGnzfheM,https://api.spotify.com/v1/tracks/0rOTMSSa6yscfOrGnzfheM,https://api.spotify.com/v1/audio-analysis/0rOTMSSa6yscfOrGnzfheM,229173,4
72,Song 2 - 2012 Remaster,['Blur'],2024-07-18T11:29:31Z,False,spotify:track:1FTSo4v6BOZH9QxKc3MbVM,79,31xiablrubqwh5zisnlt5utvh6uu,https://open.spotify.com/track/1FTSo4v6BOZH9QxKc3MbVM,121160,0.674,0.789,8,-6.903,1,0.0676,0.00178,0.00708,0.0753,0.918,129.802,audio_features,1FTSo4v6BOZH9QxKc3MbVM,spotify:track:1FTSo4v6BOZH9QxKc3MbVM,https://api.spotify.com/v1/tracks/1FTSo4v6BOZH9QxKc3MbVM,https://api.spotify.com/v1/audio-analysis/1FTSo4v6BOZH9QxKc3MbVM,121160,4
73,Tear Me to Pieces,['Story Of The Year'],2024-07-19T15:29:25Z,True,spotify:track:4o8iQ9HKmZP0D7eRcTnW0g,53,31xiablrubqwh5zisnlt5utvh6uu,https://open.spotify.com/track/4o8iQ9HKmZP0D7eRcTnW0g,176805,0.299,0.906,11,-4.714,0,0.11,0.000929,0.0,0.359,0.519,128.106,audio_features,4o8iQ9HKmZP0D7eRcTnW0g,spotify:track:4o8iQ9HKmZP0D7eRcTnW0g,https://api.spotify.com/v1/tracks/4o8iQ9HKmZP0D7eRcTnW0g,https://api.spotify.com/v1/audio-analysis/4o8iQ9HKmZP0D7eRcTnW0g,176805,4
74,Monsters (feat. blackbear),"['All Time Low', 'blackbear']",2024-07-19T15:31:17Z,True,spotify:track:0tyR7Bu9P086aWBFZ4QJoo,68,31xiablrubqwh5zisnlt5utvh6uu,https://open.spotify.com/track/0tyR7Bu9P086aWBFZ4QJoo,174067,0.369,0.845,0,-3.449,0,0.0611,0.0493,0.0,0.416,0.782,78.532,audio_features,0tyR7Bu9P086aWBFZ4QJoo,spotify:track:0tyR7Bu9P086aWBFZ4QJoo,https://api.spotify.com/v1/tracks/0tyR7Bu9P086aWBFZ4QJoo,https://api.spotify.com/v1/audio-analysis/0tyR7Bu9P086aWBFZ4QJoo,174068,4
75,My Universe,"['Coldplay', 'BTS']",2024-07-19T15:32:27Z,False,spotify:track:46HNZY1i7O6jwTA7Slo2PI,76,31xiablrubqwh5zisnlt5utvh6uu,https://open.spotify.com/track/46HNZY1i7O6jwTA7Slo2PI,226198,0.573,0.711,1,-6.268,0,0.0406,0.0114,0.0,0.328,0.47,105.006,audio_features,46HNZY1i7O6jwTA7Slo2PI,spotify:track:46HNZY1i7O6jwTA7Slo2PI,https://api.spotify.com/v1/tracks/46HNZY1i7O6jwTA7Slo2PI,https://api.spotify.com/v1/audio-analysis/46HNZY1i7O6jwTA7Slo2PI,226198,4
76,"Dance, Dance",['Fall Out Boy'],2024-07-19T15:32:50Z,False,spotify:track:0a7BloCiNzLDD9qSQHh5m7,77,31xiablrubqwh5zisnlt5utvh6uu,https://open.spotify.com/track/0a7BloCiNzLDD9qSQHh5m7,180266,0.621,0.961,11,-3.198,0,0.154,0.00523,0.0,0.0854,0.449,114.451,audio_features,0a7BloCiNzLDD9qSQHh5m7,spotify:track:0a7BloCiNzLDD9qSQHh5m7,https://api.spotify.com/v1/tracks/0a7BloCiNzLDD9qSQHh5m7,https://api.spotify.com/v1/audio-analysis/0a7BloCiNzLDD9qSQHh5m7,180267,4
77,Buscando El Sol,['David Otero'],2024-07-19T15:35:32Z,False,spotify:track:3RFbAyuoyMu8ErN9PVspER,44,31xiablrubqwh5zisnlt5utvh6uu,https://open.spotify.com/track/3RFbAyuoyMu8ErN9PVspER,254440,0.493,0.936,7,-3.267,1,0.0538,7.68e-05,0.00127,0.193,0.555,162.044,audio_features,3RFbAyuoyMu8ErN9PVspER,spotify:track:3RFbAyuoyMu8ErN9PVspER,https://api.spotify.com/v1/tracks/3RFbAyuoyMu8ErN9PVspER,https://api.spotify.com/v1/audio-analysis/3RFbAyuoyMu8ErN9PVspER,254440,4
